Task,Category,Phase,Status,Module,Grant
Complete WASM compilation pipeline for fractal shaders,Core WASM Engine,Phase 1,To Do,
WebGL/WebGPU rendering integration,Core WASM Engine,Phase 1,To Do,
Basic parameter controls and modulation,Core WASM Engine,Phase 1,To Do,
Performance optimization for 60fps rendering,Core WASM Engine,Phase 1,To Do,
Modular tool architecture (shaders, audio, XR),Browser Tool Framework,Phase 1,To Do,
Real-time collaboration primitives,Browser Tool Framework,Phase 1,To Do,
Basic patch saving/loading system,Browser Tool Framework,Phase 1,To Do,
Cross-browser compatibility testing,Browser Tool Framework,Phase 1,To Do,
Basic collaboration contracts,NEAR Integration,Phase 1,To Do,near-wasm
Tool ownership NFTs,NEAR Integration,Phase 1,To Do,near-wasm
Testnet deployment and user testing,NEAR Integration,Phase 1,To Do,near-wasm
Enhanced marketplace UI with tool previews,Marketplace Foundation,Phase 1,To Do,
Basic tool purchasing and licensing,Marketplace Foundation,Phase 1,To Do,
Creator dashboard for tool management,Marketplace Foundation,Phase 1,To Do,
Integration testing with existing NFT contracts,Marketplace Foundation,Phase 1,To Do,
Real-time state synchronization,Advanced Collaboration System,Phase 2,To Do,
Multi-user live editing sessions,Advanced Collaboration System,Phase 2,To Do,
Voice/video integration,Advanced Collaboration System,Phase 2,To Do,
Session recording and playback,Advanced Collaboration System,Phase 2,To Do,
Version control for creative patches,Patch Ecosystem,Phase 2,To Do,
Forking and merging of tool variations,Patch Ecosystem,Phase 2,To Do,
Community patch marketplace,Patch Ecosystem,Phase 2,To Do,
Automated compatibility checking,Patch Ecosystem,Phase 2,To Do,
Advanced search and filtering,Enhanced Marketplace,Phase 2,To Do,
Tool usage analytics,Enhanced Marketplace,Phase 2,To Do,
Creator revenue tracking,Enhanced Marketplace,Phase 2,To Do,
Subscription and licensing models,Enhanced Marketplace,Phase 2,To Do,
Solana program for high-throughput collaboration,Cross-Chain Integration,Phase 3,To Do,solana-client
Ethereum integration for DeFi features,Cross-Chain Integration,Phase 3,To Do,
Polkadot parachain for global scalability,Cross-Chain Integration,Phase 3,To Do,
Cross-chain asset bridging,Cross-Chain Integration,Phase 3,To Do,
AI-assisted tool creation,Advanced Features,Phase 3,To Do,
XR/AR creative spaces,Advanced Features,Phase 3,To Do,
Live performance streaming,Advanced Features,Phase 3,To Do,
Educational content integration,Advanced Features,Phase 3,To Do,
DAO implementation for platform governance,Governance & Sustainability,Phase 3,COMPLETE,
Creator incentive programs,Governance & Sustainability,Phase 3,To Do,
Community fund establishment,Governance & Sustainability,Phase 3,To Do,
Long-term roadmap planning,Governance & Sustainability,Phase 3,To Do,
API for third-party integrations,Enterprise Integration,Phase 4,To Do,
White-label solutions,Enterprise Integration,Phase 4,To Do,
Educational institution partnerships,Enterprise Integration,Phase 4,To Do,
Corporate creative tool solutions,Enterprise Integration,Phase 4,To Do,
Multi-language support,Global Expansion,Phase 4,To Do,
Regional community building,Global Expansion,Phase 4,To Do,
Localized marketplace features,Global Expansion,Phase 4,To Do,
Global creator onboarding,Global Expansion,Phase 4,To Do,
Add more creative data types,rust-client Module,,To Do,rust-client
Implement additional blockchain integration features,rust-client Module,,To Do,rust-client
Add Filecoin integration,ipfs-integration Module,,To Do,ipfs-integration
Implement distributed storage redundancy,ipfs-integration Module,,To Do,ipfs-integration
Complete collaboration contracts,near-wasm Module,,To Do,near-wasm
Add more interaction types,near-wasm Module,,To Do,near-wasm
Implement advanced governance features,near-wasm Module,,To Do,near-wasm
Create directory structure,solana-client Module,,To Do,solana-client
Implement Anchor programs for Solana metadata validation,solana-client Module,,COMPLETE,solana-client
Add high-throughput collaboration features,solana-client Module,,To Do,solana-client
Integrate with existing creative data pipeline,solana-client Module,,To Do,solana-client
Implement bridge contracts between NEAR and Solana,Cross-Chain Integration,,To Do,
Create unified API for multi-chain operations,Cross-Chain Integration,,To Do,
Develop cross-chain identity system,Cross-Chain Integration,,To Do,
Build atomic swap functionality for creative assets,Cross-Chain Integration,,To Do,
Connect with existing NFT marketplaces (Mintbase, OpenSea),Marketplace Integration,,COMPLETE,
Implement royalty distribution system,Marketplace Integration,,To Do,
Add reputation scoring for creators,Marketplace Integration,,To Do,
Create community curation mechanisms,Marketplace Integration,,To Do,
Optimize WASM shader engine for mobile devices,Performance Optimization,,To Do,
Implement caching strategies for creative assets,Performance Optimization,,To Do,
Add compression for network transfers,Performance Optimization,,To Do,
Profile and optimize memory usage,Performance Optimization,,To Do,
Conduct smart contract security audit,Security Enhancements,,To Do,
Implement access control for collaborative sessions,Security Enhancements,,To Do,
Add input validation for all user-provided data,Security Enhancements,,To Do,
Create disaster recovery procedures,Security Enhancements,,To Do,
Complete API documentation for all modules,Documentation and Testing,,To Do,
Add comprehensive unit tests,Documentation and Testing,,To Do,
Create integration test suite,Documentation and Testing,,To Do,
Develop user tutorials and examples,Documentation and Testing,,To Do,
NEAR Foundation Grant - WASM Core Engine,"Core WASM Engine","Month 1","To Do","near-wasm","NEAR"
NEAR Foundation Grant - Basic WebGL rendering pipeline,"Core WASM Engine","Month 1","To Do","near-wasm","NEAR"
NEAR Foundation Grant - Parameter interface for real-time manipulation,"Core WASM Engine","Month 1","To Do","near-wasm","NEAR"
NEAR Foundation Grant - Browser compatibility testing,"Core WASM Engine","Month 1","To Do","near-wasm","NEAR"
NEAR Foundation Grant - BOS component wrapper,"NEAR Integration","Month 2","To Do","near-wasm","NEAR"
NEAR Foundation Grant - NEAR account integration,"NEAR Integration","Month 2","To Do","near-wasm","NEAR"
NEAR Foundation Grant - Session state management,"NEAR Integration","Month 2","To Do","near-wasm","NEAR"
NEAR Foundation Grant - Cross-component communication,"NEAR Integration","Month 2","To Do","near-wasm","NEAR"
NEAR Foundation Grant - Deployed NEAR component,"Public Creative dApp","Month 3","To Do","near-wasm","NEAR"
NEAR Foundation Grant - User interface for parameter exploration,"Public Creative dApp","Month 3","To Do","near-wasm","NEAR"
NEAR Foundation Grant - Social sharing features,"Public Creative dApp","Month 3","To Do","near-wasm","NEAR"
NEAR Foundation Grant - Documentation and user tutorials,"Public Creative dApp","Month 3","To Do","near-wasm","NEAR"
Mintbase Foundation Grant - Interactive NFT contracts,"Interactive NFT Contracts","Month 1","COMPLETE","near-wasm","Mintbase"
Mintbase Foundation Grant - Soulbound token contract,"Interactive NFT Contracts","Month 1","COMPLETE","near-wasm","Mintbase"
Mintbase Foundation Grant - Basic interaction recording,"Interactive NFT Contracts","Month 1","COMPLETE","near-wasm","Mintbase"
Mintbase Foundation Grant - Unit tests and contract deployment,"Interactive NFT Contracts","Month 1","COMPLETE","near-wasm","Mintbase"
Mintbase Foundation Grant - Real-time metadata updates,"Dynamic Metadata System","Month 2","To Do","near-wasm","Mintbase"
Mintbase Foundation Grant - Emotional state integration,"Dynamic Metadata System","Month 2","To Do","near-wasm","Mintbase"
Mintbase Foundation Grant - Cross-contract interaction,"Dynamic Metadata System","Month 2","To Do","near-wasm","Mintbase"
Mintbase Foundation Grant - Performance optimization,"Dynamic Metadata System","Month 2","To Do","near-wasm","Mintbase"
Mintbase Foundation Grant - Mintbase marketplace integration,"Marketplace Integration","Month 3","COMPLETE","near-wasm","Mintbase"
Mintbase Foundation Grant - Interactive preview components,"Marketplace Integration","Month 3","COMPLETE","near-wasm","Mintbase"
Mintbase Foundation Grant - Creator dashboard,"Marketplace Integration","Month 3","COMPLETE","near-wasm","Mintbase"
Mintbase Foundation Grant - Live demo collection,"Marketplace Integration","Month 3","COMPLETE","near-wasm","Mintbase"
Solana Foundation Grant - Anchor program setup,"Core Program Architecture","Month 1","COMPLETE","solana-client","Solana"
Solana Foundation Grant - State compression algorithms,"Core Program Architecture","Month 1","COMPLETE","solana-client","Solana"
Solana Foundation Grant - Parameter validation logic,"Core Program Architecture","Month 1","COMPLETE","solana-client","Solana"
Solana Foundation Grant - Unit tests and program deployment,"Core Program Architecture","Month 1","COMPLETE","solana-client","Solana"
Solana Foundation Grant - High-throughput data recording,"Real-Time Features","Month 2","To Do","solana-client","Solana"
Solana Foundation Grant - Concurrent session management,"Real-Time Features","Month 2","To Do","solana-client","Solana"
Solana Foundation Grant - Performance optimization,"Real-Time Features","Month 2","To Do","solana-client","Solana"
Solana Foundation Grant - Integration testing on devnet,"Real-Time Features","Month 2","To Do","solana-client","Solana"
Solana Foundation Grant - Working demo with NUWE,"Live Demo & Integration","Month 3","To Do","solana-client","Solana"
Solana Foundation Grant - Compressed state proofs,"Live Demo & Integration","Month 3","To Do","solana-client","Solana"
Solana Foundation Grant - Documentation and API reference,"Live Demo & Integration","Month 3","To Do","solana-client","Solana"
Solana Foundation Grant - Performance benchmarks,"Live Demo & Integration","Month 3","To Do","solana-client","Solana"
Filecoin Foundation Grant - Rust crate for CID generation,"Core IPFS Library","Month 1","To Do","ipfs-integration","Filecoin"
Filecoin Foundation Grant - Basic IPFS pinning functionality,"Core IPFS Library","Month 1","To Do","ipfs-integration","Filecoin"
Filecoin Foundation Grant - Unit tests and documentation,"Core IPFS Library","Month 1","To Do","ipfs-integration","Filecoin"
Filecoin Foundation Grant - Example usage with mock data,"Core IPFS Library","Month 1","To Do","ipfs-integration","Filecoin"
Filecoin Foundation Grant - Filecoin storage provider integration,"Filecoin Integration","Month 2","To Do","ipfs-integration","Filecoin"
Filecoin Foundation Grant - Automated pinning workflows,"Filecoin Integration","Month 2","To Do","ipfs-integration","Filecoin"
Filecoin Foundation Grant - Error handling and retry logic,"Filecoin Integration","Month 2","To Do","ipfs-integration","Filecoin"
Filecoin Foundation Grant - Performance benchmarks,"Filecoin Integration","Month 2","To Do","ipfs-integration","Filecoin"
Filecoin Foundation Grant - Working demo with NUWE outputs,"Affective Media Demo","Month 3","To Do","ipfs-integration","Filecoin"
Filecoin Foundation Grant - Emotional metadata indexing,"Affective Media Demo","Month 3","To Do","ipfs-integration","Filecoin"
Filecoin Foundation Grant - Integration with creative tools,"Affective Media Demo","Month 3","To Do","ipfs-integration","Filecoin"
Filecoin Foundation Grant - Documentation and tutorials,"Affective Media Demo","Month 3","To Do","ipfs-integration","Filecoin"
Rust Foundation Grant - Core data pipeline,"Core Shader Engine","Month 1","To Do","rust-client","Rust"
Rust Foundation Grant - Modular architecture,"Core Shader Engine","Month 1","To Do","rust-client","Rust"
Rust Foundation Grant - Cross-platform compatibility,"Core Shader Engine","Month 1","To Do","rust-client","Rust"
Rust Foundation Grant - Unit tests,"Core Shader Engine","Month 1","To Do","rust-client","Rust"
Rust Foundation Grant - Emotional computing integration,"Advanced Features","Month 2","To Do","rust-client","Rust"
Rust Foundation Grant - Performance optimization,"Advanced Features","Month 2","To Do","rust-client","Rust"
Rust Foundation Grant - Tool interoperability,"Advanced Features","Month 2","To Do","rust-client","Rust"
Rust Foundation Grant - Integration testing,"Advanced Features","Month 2","To Do","rust-client","Rust"
Rust Foundation Grant - Complete tool framework,"Ecosystem Integration","Month 3","To Do","rust-client","Rust"
Rust Foundation Grant - Documentation and examples,"Ecosystem Integration","Month 3","To Do","rust-client","Rust"
Rust Foundation Grant - Community tutorials,"Ecosystem Integration","Month 3","To Do","rust-client","Rust"
Rust Foundation Grant - Performance benchmarks,"Ecosystem Integration","Month 3","To Do","rust-client","Rust"
Web3 Foundation Grant - Core runtime development,"Core Pallet Architecture","Month 1","To Do","polkadot-client","Polkadot"
Web3 Foundation Grant - Emotional state data structures,"Core Pallet Architecture","Month 1","To Do","polkadot-client","Polkadot"
Web3 Foundation Grant - Privacy-preserving proof mechanisms,"Core Pallet Architecture","Month 1","To Do","polkadot-client","Polkadot"
Web3 Foundation Grant - Unit tests and pallet integration,"Core Pallet Architecture","Month 1","To Do","polkadot-client","Polkadot"
Web3 Foundation Grant - Zero-knowledge proof integration,"Advanced Features","Month 2","To Do","polkadot-client","Polkadot"
Web3 Foundation Grant - Creative provenance tracking,"Advanced Features","Month 2","To Do","polkadot-client","Polkadot"
Web3 Foundation Grant - Cross-parachain messaging,"Advanced Features","Month 2","To Do","polkadot-client","Polkadot"
Web3 Foundation Grant - Performance optimization,"Advanced Features","Month 2","To Do","polkadot-client","Polkadot"
Web3 Foundation Grant - Working parachain deployment,"Proof-of-Concept Demo","Month 3","To Do","polkadot-client","Polkadot"
Web3 Foundation Grant - NUWE integration demo,"Proof-of-Concept Demo","Month 3","To Do","polkadot-client","Polkadot"
Web3 Foundation Grant - Documentation and research paper,"Proof-of-Concept Demo","Month 3","To Do","polkadot-client","Polkadot"
Web3 Foundation Grant - Community presentation,"Proof-of-Concept Demo","Month 3","To Do","polkadot-client","Polkadot"
